Genotipos	Grupos	Classe	Transcritos
1	660511	hard_core_transcriptome	1027515
1	220789	hard_core_transcriptome	312288
1	159898	hard_core_transcriptome	230866
1	179043	hard_core_transcriptome	231862
1	103943	hard_core_transcriptome	131739
1	136694	hard_core_transcriptome	174904
1	103225	hard_core_transcriptome	132966
1	203292	hard_core_transcriptome	284405
1	263648	hard_core_transcriptome	400002
1	257782	hard_core_transcriptome	374176
1	159849	hard_core_transcriptome	206709
1	138440	hard_core_transcriptome	177020
1	665888	hard_core_transcriptome	1054413
1	217389	hard_core_transcriptome	309615
1	85215	hard_core_transcriptome	109946
1	153196	hard_core_transcriptome	198180
1	103225	hard_core_transcriptome	132966
1	153196	hard_core_transcriptome	198180
1	179043	hard_core_transcriptome	231862
1	240890	hard_core_transcriptome	328394
2	28304	hard_core_transcriptome	113035
2	8550	hard_core_transcriptome	31336
2	15696	hard_core_transcriptome	60760
2	7267	hard_core_transcriptome	26020
2	11349	hard_core_transcriptome	33379
2	11285	hard_core_transcriptome	40949
2	6438	hard_core_transcriptome	22843
2	6206	hard_core_transcriptome	21186
2	25289	hard_core_transcriptome	104580
2	20695	hard_core_transcriptome	72125
2	12285	hard_core_transcriptome	46031
2	5578	hard_core_transcriptome	20143
2	16183	hard_core_transcriptome	54454
2	14544	hard_core_transcriptome	52975
2	13552	hard_core_transcriptome	44055
2	22039	hard_core_transcriptome	85056
2	9678	hard_core_transcriptome	36108
2	10490	hard_core_transcriptome	46159
2	10467	hard_core_transcriptome	37560
2	42369	hard_core_transcriptome	165078
3	2333	hard_core_transcriptome	18320
3	10351	hard_core_transcriptome	87070
3	1767	hard_core_transcriptome	12786
3	4215	hard_core_transcriptome	29015
3	1505	hard_core_transcriptome	11331
3	3623	hard_core_transcriptome	22699
3	1247	hard_core_transcriptome	9043
3	1932	hard_core_transcriptome	14064
3	2753	hard_core_transcriptome	21841
3	1855	hard_core_transcriptome	10828
3	3627	hard_core_transcriptome	22245
3	2781	hard_core_transcriptome	22247
3	5949	hard_core_transcriptome	46015
3	2649	hard_core_transcriptome	19755
3	2550	hard_core_transcriptome	17739
3	1961	hard_core_transcriptome	13682
3	7466	hard_core_transcriptome	57862
3	1583	hard_core_transcriptome	11367
3	3210	hard_core_transcriptome	25938
3	1392	hard_core_transcriptome	11528
4	1559	hard_core_transcriptome	18766
4	927	hard_core_transcriptome	10054
4	1100	hard_core_transcriptome	12460
4	596	hard_core_transcriptome	6264
4	1682	hard_core_transcriptome	19499
4	712	hard_core_transcriptome	7110
4	1176	hard_core_transcriptome	12975
4	1499	hard_core_transcriptome	18780
4	912	hard_core_transcriptome	9989
4	1094	hard_core_transcriptome	12962
4	3831	hard_core_transcriptome	46698
4	1258	hard_core_transcriptome	13839
4	556	hard_core_transcriptome	6203
4	1065	hard_core_transcriptome	10841
4	1005	hard_core_transcriptome	11338
4	1463	hard_core_transcriptome	17088
4	2095	hard_core_transcriptome	24242
4	1733	hard_core_transcriptome	17217
4	1335	hard_core_transcriptome	14443
4	584	hard_core_transcriptome	5552
5	1105	hard_core_transcriptome	17465
5	596	hard_core_transcriptome	9025
5	793	hard_core_transcriptome	12037
5	2595	hard_core_transcriptome	40764
5	660	hard_core_transcriptome	9873
5	763	hard_core_transcriptome	12165
5	1062	hard_core_transcriptome	16713
5	381	hard_core_transcriptome	5216
5	890	hard_core_transcriptome	14775
5	1172	hard_core_transcriptome	17921
5	791	hard_core_transcriptome	13428
5	809	hard_core_transcriptome	12610
5	425	hard_core_transcriptome	6761
5	895	hard_core_transcriptome	12545
5	2411	hard_core_transcriptome	39304
5	3050	hard_core_transcriptome	49951
5	1096	hard_core_transcriptome	16417
5	4934	hard_core_transcriptome	83468
5	643	hard_core_transcriptome	10123
5	953	hard_core_transcriptome	14410
6	320	hard_core_transcriptome	5919
6	876	hard_core_transcriptome	18242
6	760	hard_core_transcriptome	15257
6	1042	hard_core_transcriptome	19298
6	752	hard_core_transcriptome	14956
6	447	hard_core_transcriptome	9215
6	620	hard_core_transcriptome	13619
6	753	hard_core_transcriptome	14875
6	657	hard_core_transcriptome	13505
6	449	hard_core_transcriptome	8970
6	811	hard_core_transcriptome	16193
6	334	hard_core_transcriptome	6093
6	579	hard_core_transcriptome	12010
6	629	hard_core_transcriptome	13111
6	532	hard_core_transcriptome	10870
6	1107	hard_core_transcriptome	23481
6	912	hard_core_transcriptome	18073
6	608	hard_core_transcriptome	11808
6	482	hard_core_transcriptome	9555
6	483	hard_core_transcriptome	9144
7	1256	hard_core_transcriptome	31519
7	206	hard_core_transcriptome	4476
7	389	hard_core_transcriptome	8779
7	252	hard_core_transcriptome	5898
7	293	hard_core_transcriptome	6781
7	347	hard_core_transcriptome	7923
7	551	hard_core_transcriptome	13225
7	448	hard_core_transcriptome	10536
7	746	hard_core_transcriptome	18579
7	327	hard_core_transcriptome	7269
7	298	hard_core_transcriptome	7222
7	274	hard_core_transcriptome	6743
7	434	hard_core_transcriptome	10935
7	322	hard_core_transcriptome	6873
7	481	hard_core_transcriptome	11663
7	1550	hard_core_transcriptome	38564
7	502	hard_core_transcriptome	11898
7	571	hard_core_transcriptome	13843
7	569	hard_core_transcriptome	14501
7	606	hard_core_transcriptome	14204
8	323	hard_core_transcriptome	8975
8	245	hard_core_transcriptome	6876
8	461	hard_core_transcriptome	12817
8	178	hard_core_transcriptome	4614
8	391	hard_core_transcriptome	10944
8	138	hard_core_transcriptome	3923
8	323	hard_core_transcriptome	9381
8	387	hard_core_transcriptome	11715
8	212	hard_core_transcriptome	5151
8	396	hard_core_transcriptome	11047
8	437	hard_core_transcriptome	11888
8	380	hard_core_transcriptome	11497
8	252	hard_core_transcriptome	7331
8	396	hard_core_transcriptome	11520
8	323	hard_core_transcriptome	8422
8	1278	hard_core_transcriptome	38257
8	371	hard_core_transcriptome	10778
8	459	hard_core_transcriptome	13030
8	519	hard_core_transcriptome	15401
8	217	hard_core_transcriptome	6278
9	352	hard_core_transcriptome	12285
9	251	hard_core_transcriptome	8949
9	368	hard_core_transcriptome	12571
9	252	hard_core_transcriptome	8359
9	385	hard_core_transcriptome	12259
9	212	hard_core_transcriptome	7188
9	250	hard_core_transcriptome	8741
9	160	hard_core_transcriptome	4810
9	353	hard_core_transcriptome	11330
9	242	hard_core_transcriptome	7580
9	300	hard_core_transcriptome	10196
9	255	hard_core_transcriptome	8242
9	332	hard_core_transcriptome	11410
9	330	hard_core_transcriptome	11920
9	376	hard_core_transcriptome	12924
9	139	hard_core_transcriptome	4650
9	323	hard_core_transcriptome	11471
9	160	hard_core_transcriptome	5881
9	173	hard_core_transcriptome	5153
9	261	hard_core_transcriptome	8754
10	363	hard_core_transcriptome	13718
10	301	hard_core_transcriptome	11394
10	256	hard_core_transcriptome	9520
10	361	hard_core_transcriptome	13887
10	267	hard_core_transcriptome	10453
10	171	hard_core_transcriptome	6134
10	116	hard_core_transcriptome	3902
10	292	hard_core_transcriptome	11337
10	326	hard_core_transcriptome	12447
10	304	hard_core_transcriptome	11915
10	456	hard_core_transcriptome	18484
10	287	hard_core_transcriptome	10563
10	214	hard_core_transcriptome	7411
10	313	hard_core_transcriptome	12039
10	148	hard_core_transcriptome	5171
10	226	hard_core_transcriptome	8302
10	211	hard_core_transcriptome	8293
10	294	hard_core_transcriptome	11901
10	309	hard_core_transcriptome	11905
10	111	hard_core_transcriptome	4063
11	148	hard_core_transcriptome	5267
11	220	hard_core_transcriptome	9368
11	140	hard_core_transcriptome	6614
11	242	hard_core_transcriptome	10484
11	126	hard_core_transcriptome	5069
11	166	hard_core_transcriptome	6610
11	328	hard_core_transcriptome	13965
11	328	hard_core_transcriptome	13914
11	377	hard_core_transcriptome	15583
11	307	hard_core_transcriptome	12892
11	229	hard_core_transcriptome	9985
11	170	hard_core_transcriptome	7035
11	181	hard_core_transcriptome	7251
11	182	hard_core_transcriptome	7402
11	191	hard_core_transcriptome	7359
11	107	hard_core_transcriptome	4167
11	198	hard_core_transcriptome	7674
11	198	hard_core_transcriptome	7599
11	180	hard_core_transcriptome	8236
11	209	hard_core_transcriptome	9136
12	171	hard_core_transcriptome	7348
12	162	hard_core_transcriptome	8023
12	133	hard_core_transcriptome	6319
12	212	hard_core_transcriptome	10353
12	218	hard_core_transcriptome	10585
12	268	hard_core_transcriptome	12807
12	216	hard_core_transcriptome	10467
12	124	hard_core_transcriptome	5708
12	228	hard_core_transcriptome	10663
12	85	hard_core_transcriptome	4164
12	108	hard_core_transcriptome	5415
12	87	hard_core_transcriptome	3566
12	138	hard_core_transcriptome	5993
12	78	hard_core_transcriptome	3344
12	126	hard_core_transcriptome	5658
12	212	hard_core_transcriptome	10425
12	293	hard_core_transcriptome	14189
12	220	hard_core_transcriptome	10006
12	153	hard_core_transcriptome	6545
12	189	hard_core_transcriptome	8511
13	115	hard_core_transcriptome	6047
13	221	hard_core_transcriptome	11500
13	88	hard_core_transcriptome	4664
13	252	hard_core_transcriptome	13009
13	110	hard_core_transcriptome	5678
13	182	hard_core_transcriptome	9394
13	125	hard_core_transcriptome	6300
13	114	hard_core_transcriptome	6189
13	119	hard_core_transcriptome	5750
13	214	hard_core_transcriptome	11298
13	180	hard_core_transcriptome	9529
13	123	hard_core_transcriptome	6497
13	205	hard_core_transcriptome	10566
13	276	hard_core_transcriptome	15066
13	191	hard_core_transcriptome	9700
13	176	hard_core_transcriptome	9011
13	201	hard_core_transcriptome	10411
13	144	hard_core_transcriptome	8021
13	128	hard_core_transcriptome	6346
13	220	hard_core_transcriptome	11565
14	130	hard_core_transcriptome	7449
14	105	hard_core_transcriptome	6473
14	89	hard_core_transcriptome	5233
14	108	hard_core_transcriptome	6372
14	128	hard_core_transcriptome	7351
14	199	hard_core_transcriptome	11698
14	167	hard_core_transcriptome	9551
14	105	hard_core_transcriptome	5834
14	86	hard_core_transcriptome	4999
14	134	hard_core_transcriptome	7265
14	106	hard_core_transcriptome	5535
14	118	hard_core_transcriptome	6706
14	89	hard_core_transcriptome	4632
14	184	hard_core_transcriptome	10659
14	178	hard_core_transcriptome	10358
14	104	hard_core_transcriptome	5658
14	121	hard_core_transcriptome	7069
14	142	hard_core_transcriptome	7919
14	165	hard_core_transcriptome	9051
14	103	hard_core_transcriptome	5942
15	97	hard_core_transcriptome	5760
15	72	hard_core_transcriptome	4201
15	83	hard_core_transcriptome	5129
15	131	hard_core_transcriptome	7764
15	95	hard_core_transcriptome	5998
15	129	hard_core_transcriptome	7768
15	167	hard_core_transcriptome	10649
15	88	hard_core_transcriptome	5477
15	117	hard_core_transcriptome	6661
15	115	hard_core_transcriptome	6562
15	66	hard_core_transcriptome	4098
15	113	hard_core_transcriptome	7169
15	116	hard_core_transcriptome	6921
15	101	hard_core_transcriptome	6031
15	111	hard_core_transcriptome	6486
15	103	hard_core_transcriptome	6044
15	102	hard_core_transcriptome	5693
15	110	hard_core_transcriptome	6030
15	185	hard_core_transcriptome	10896
15	81	hard_core_transcriptome	4540
16	70	hard_core_transcriptome	4439
16	74	hard_core_transcriptome	4492
16	78	hard_core_transcriptome	5202
16	126	hard_core_transcriptome	8097
16	87	hard_core_transcriptome	5758
16	80	hard_core_transcriptome	4852
16	100	hard_core_transcriptome	6610
16	199	hard_core_transcriptome	13862
16	154	hard_core_transcriptome	10167
16	92	hard_core_transcriptome	6168
16	110	hard_core_transcriptome	6731
16	73	hard_core_transcriptome	4873
16	155	hard_core_transcriptome	9782
16	67	hard_core_transcriptome	4014
16	72	hard_core_transcriptome	4355
16	108	hard_core_transcriptome	6999
16	141	hard_core_transcriptome	9511
16	133	hard_core_transcriptome	9165
16	95	hard_core_transcriptome	6123
16	81	hard_core_transcriptome	4936
17	67	hard_core_transcriptome	4485
17	63	hard_core_transcriptome	4017
17	79	hard_core_transcriptome	5701
17	93	hard_core_transcriptome	6079
17	99	hard_core_transcriptome	6680
17	83	hard_core_transcriptome	6490
17	135	hard_core_transcriptome	10000
17	71	hard_core_transcriptome	5124
17	87	hard_core_transcriptome	5907
17	95	hard_core_transcriptome	6557
17	61	hard_core_transcriptome	4369
17	138	hard_core_transcriptome	9467
17	99	hard_core_transcriptome	6293
17	84	hard_core_transcriptome	6139
17	88	hard_core_transcriptome	6566
17	106	hard_core_transcriptome	7434
17	68	hard_core_transcriptome	4637
17	86	hard_core_transcriptome	6235
17	146	hard_core_transcriptome	10576
17	151	hard_core_transcriptome	10397
18	84	hard_core_transcriptome	6703
18	72	hard_core_transcriptome	4989
18	86	hard_core_transcriptome	6372
18	132	hard_core_transcriptome	10128
18	93	hard_core_transcriptome	7054
18	70	hard_core_transcriptome	5207
18	84	hard_core_transcriptome	6809
18	89	hard_core_transcriptome	7264
18	129	hard_core_transcriptome	9606
18	83	hard_core_transcriptome	6289
18	93	hard_core_transcriptome	6473
18	57	hard_core_transcriptome	4297
18	153	hard_core_transcriptome	11867
18	83	hard_core_transcriptome	6090
18	95	hard_core_transcriptome	6900
18	53	hard_core_transcriptome	3715
18	87	hard_core_transcriptome	5998
18	92	hard_core_transcriptome	7123
18	60	hard_core_transcriptome	4352
18	94	hard_core_transcriptome	7092
19	52	hard_core_transcriptome	4057
19	54	hard_core_transcriptome	4383
19	71	hard_core_transcriptome	5685
19	91	hard_core_transcriptome	6997
19	75	hard_core_transcriptome	5723
19	75	hard_core_transcriptome	5489
19	70	hard_core_transcriptome	5743
19	60	hard_core_transcriptome	4611
19	89	hard_core_transcriptome	6948
19	67	hard_core_transcriptome	5559
19	100	hard_core_transcriptome	7744
19	90	hard_core_transcriptome	7194
19	88	hard_core_transcriptome	7570
19	43	hard_core_transcriptome	3469
19	56	hard_core_transcriptome	4745
19	122	hard_core_transcriptome	9851
19	52	hard_core_transcriptome	3690
19	143	hard_core_transcriptome	11606
19	84	hard_core_transcriptome	6601
19	68	hard_core_transcriptome	4809
20	137	hard_core_transcriptome	11602
20	73	hard_core_transcriptome	5813
20	129	hard_core_transcriptome	11279
20	64	hard_core_transcriptome	5084
20	94	hard_core_transcriptome	8230
20	78	hard_core_transcriptome	6414
20	72	hard_core_transcriptome	5913
20	73	hard_core_transcriptome	5906
20	93	hard_core_transcriptome	8092
20	53	hard_core_transcriptome	4058
20	115	hard_core_transcriptome	10028
20	51	hard_core_transcriptome	4241
20	53	hard_core_transcriptome	4249
20	59	hard_core_transcriptome	5233
20	114	hard_core_transcriptome	10032
20	95	hard_core_transcriptome	8125
20	74	hard_core_transcriptome	6337
20	91	hard_core_transcriptome	7916
20	69	hard_core_transcriptome	5992
20	73	hard_core_transcriptome	6500
21	71	hard_core_transcriptome	6318
21	63	hard_core_transcriptome	5308
21	64	hard_core_transcriptome	5455
21	50	hard_core_transcriptome	4276
21	79	hard_core_transcriptome	7058
21	81	hard_core_transcriptome	6989
21	101	hard_core_transcriptome	9158
21	77	hard_core_transcriptome	7307
21	95	hard_core_transcriptome	8601
21	54	hard_core_transcriptome	4430
21	71	hard_core_transcriptome	5864
21	72	hard_core_transcriptome	6402
21	74	hard_core_transcriptome	5900
21	53	hard_core_transcriptome	4598
21	49	hard_core_transcriptome	4017
21	64	hard_core_transcriptome	5289
21	78	hard_core_transcriptome	7258
21	59	hard_core_transcriptome	5402
21	68	hard_core_transcriptome	5927
21	121	hard_core_transcriptome	10856
22	59	hard_core_transcriptome	5730
22	72	hard_core_transcriptome	7280
22	52	hard_core_transcriptome	5205
22	70	hard_core_transcriptome	5882
22	101	hard_core_transcriptome	10128
22	77	hard_core_transcriptome	6918
22	91	hard_core_transcriptome	8090
22	59	hard_core_transcriptome	5533
22	72	hard_core_transcriptome	6532
22	56	hard_core_transcriptome	5131
22	93	hard_core_transcriptome	9026
22	40	hard_core_transcriptome	3844
22	50	hard_core_transcriptome	4770
22	41	hard_core_transcriptome	3628
22	72	hard_core_transcriptome	6601
22	60	hard_core_transcriptome	5578
22	52	hard_core_transcriptome	5160
22	75	hard_core_transcriptome	6922
22	45	hard_core_transcriptome	4636
22	67	hard_core_transcriptome	6868
23	88	hard_core_transcriptome	8813
23	56	hard_core_transcriptome	5723
23	65	hard_core_transcriptome	6627
23	42	hard_core_transcriptome	3921
23	68	hard_core_transcriptome	6497
23	45	hard_core_transcriptome	4544
23	120	hard_core_transcriptome	12307
23	46	hard_core_transcriptome	4417
23	100	hard_core_transcriptome	10079
23	45	hard_core_transcriptome	4501
23	41	hard_core_transcriptome	3614
23	38	hard_core_transcriptome	3782
23	106	hard_core_transcriptome	11194
23	69	hard_core_transcriptome	6425
23	47	hard_core_transcriptome	4741
23	47	hard_core_transcriptome	4837
23	64	hard_core_transcriptome	6124
23	38	hard_core_transcriptome	3701
23	62	hard_core_transcriptome	6135
23	49	hard_core_transcriptome	4304
24	39	hard_core_transcriptome	3590
24	61	hard_core_transcriptome	6383
24	47	hard_core_transcriptome	4779
24	59	hard_core_transcriptome	6133
24	86	hard_core_transcriptome	9401
24	53	hard_core_transcriptome	5320
24	48	hard_core_transcriptome	5106
24	36	hard_core_transcriptome	3677
24	35	hard_core_transcriptome	3507
24	66	hard_core_transcriptome	6535
24	65	hard_core_transcriptome	6874
24	57	hard_core_transcriptome	5794
24	51	hard_core_transcriptome	5692
24	97	hard_core_transcriptome	10239
24	51	hard_core_transcriptome	4968
24	54	hard_core_transcriptome	5607
24	49	hard_core_transcriptome	5136
24	50	hard_core_transcriptome	4847
24	45	hard_core_transcriptome	4366
24	62	hard_core_transcriptome	6401
25	53	hard_core_transcriptome	5585
25	37	hard_core_transcriptome	4042
25	40	hard_core_transcriptome	4166
25	49	hard_core_transcriptome	4814
25	51	hard_core_transcriptome	5596
25	39	hard_core_transcriptome	4289
25	60	hard_core_transcriptome	6511
25	68	hard_core_transcriptome	7332
25	50	hard_core_transcriptome	4924
25	52	hard_core_transcriptome	5300
25	67	hard_core_transcriptome	7086
25	87	hard_core_transcriptome	9684
25	53	hard_core_transcriptome	5974
25	47	hard_core_transcriptome	5147
25	42	hard_core_transcriptome	4351
25	50	hard_core_transcriptome	5435
25	56	hard_core_transcriptome	5892
25	69	hard_core_transcriptome	7764
25	58	hard_core_transcriptome	5815
25	56	hard_core_transcriptome	5756
26	43	hard_core_transcriptome	4595
26	55	hard_core_transcriptome	6036
26	44	hard_core_transcriptome	4475
26	53	hard_core_transcriptome	6201
26	48	hard_core_transcriptome	5471
26	46	hard_core_transcriptome	5331
26	51	hard_core_transcriptome	5242
26	32	hard_core_transcriptome	3693
26	39	hard_core_transcriptome	4311
26	49	hard_core_transcriptome	5305
26	51	hard_core_transcriptome	5300
26	36	hard_core_transcriptome	3983
26	57	hard_core_transcriptome	6622
26	47	hard_core_transcriptome	5221
26	89	hard_core_transcriptome	10051
26	57	hard_core_transcriptome	6779
26	35	hard_core_transcriptome	3984
26	70	hard_core_transcriptome	7859
26	44	hard_core_transcriptome	5130
26	37	hard_core_transcriptome	4067
27	30	hard_core_transcriptome	3553
27	60	hard_core_transcriptome	7262
27	52	hard_core_transcriptome	6370
27	41	hard_core_transcriptome	4933
27	50	hard_core_transcriptome	6073
27	93	hard_core_transcriptome	10615
27	44	hard_core_transcriptome	5213
27	44	hard_core_transcriptome	5435
27	43	hard_core_transcriptome	5043
27	47	hard_core_transcriptome	4800
27	63	hard_core_transcriptome	7241
27	33	hard_core_transcriptome	3659
27	78	hard_core_transcriptome	9605
27	62	hard_core_transcriptome	7373
27	37	hard_core_transcriptome	4108
27	36	hard_core_transcriptome	4143
27	32	hard_core_transcriptome	4081
27	54	hard_core_transcriptome	6408
27	55	hard_core_transcriptome	6026
27	41	hard_core_transcriptome	4401
28	35	hard_core_transcriptome	4367
28	50	hard_core_transcriptome	6454
28	41	hard_core_transcriptome	4773
28	54	hard_core_transcriptome	6846
28	47	hard_core_transcriptome	5685
28	36	hard_core_transcriptome	4040
28	49	hard_core_transcriptome	5866
28	54	hard_core_transcriptome	6835
28	57	hard_core_transcriptome	7639
28	70	hard_core_transcriptome	8351
28	43	hard_core_transcriptome	4979
28	32	hard_core_transcriptome	4038
28	53	hard_core_transcriptome	6281
28	44	hard_core_transcriptome	5156
28	35	hard_core_transcriptome	4265
28	56	hard_core_transcriptome	6936
28	37	hard_core_transcriptome	4620
28	81	hard_core_transcriptome	10097
28	57	hard_core_transcriptome	7096
28	45	hard_core_transcriptome	5366
29	35	hard_core_transcriptome	4271
29	32	hard_core_transcriptome	3780
29	43	hard_core_transcriptome	5932
29	44	hard_core_transcriptome	5963
29	51	hard_core_transcriptome	6605
29	39	hard_core_transcriptome	5338
29	46	hard_core_transcriptome	6209
29	39	hard_core_transcriptome	5088
29	76	hard_core_transcriptome	10370
29	44	hard_core_transcriptome	5404
29	46	hard_core_transcriptome	5566
29	51	hard_core_transcriptome	6146
29	46	hard_core_transcriptome	6274
29	44	hard_core_transcriptome	5402
29	54	hard_core_transcriptome	7363
29	38	hard_core_transcriptome	4831
29	44	hard_core_transcriptome	5741
29	44	hard_core_transcriptome	5681
29	44	hard_core_transcriptome	5152
29	36	hard_core_transcriptome	4671
30	42	hard_core_transcriptome	5604
30	30	hard_core_transcriptome	3952
30	39	hard_core_transcriptome	4926
30	46	hard_core_transcriptome	6735
30	50	hard_core_transcriptome	6808
30	42	hard_core_transcriptome	5309
30	33	hard_core_transcriptome	4148
30	38	hard_core_transcriptome	5133
30	43	hard_core_transcriptome	5842
30	35	hard_core_transcriptome	4490
30	33	hard_core_transcriptome	4431
30	32	hard_core_transcriptome	3898
30	49	hard_core_transcriptome	7044
30	50	hard_core_transcriptome	6183
30	43	hard_core_transcriptome	5355
30	30	hard_core_transcriptome	3633
30	38	hard_core_transcriptome	4922
30	45	hard_core_transcriptome	5482
30	36	hard_core_transcriptome	4547
30	39	hard_core_transcriptome	4558
31	46	hard_core_transcriptome	6062
31	28	hard_core_transcriptome	3506
31	41	hard_core_transcriptome	5607
31	41	hard_core_transcriptome	5847
31	51	hard_core_transcriptome	6947
31	38	hard_core_transcriptome	4863
31	32	hard_core_transcriptome	4647
31	40	hard_core_transcriptome	5158
31	46	hard_core_transcriptome	6220
31	30	hard_core_transcriptome	3823
31	24	hard_core_transcriptome	3226
31	29	hard_core_transcriptome	3989
31	52	hard_core_transcriptome	7390
31	35	hard_core_transcriptome	4916
31	47	hard_core_transcriptome	6448
31	40	hard_core_transcriptome	5403
31	33	hard_core_transcriptome	4681
31	47	hard_core_transcriptome	6263
31	34	hard_core_transcriptome	4599
31	40	hard_core_transcriptome	5458
32	31	hard_core_transcriptome	4063
32	39	hard_core_transcriptome	5214
32	33	hard_core_transcriptome	4748
32	31	hard_core_transcriptome	4065
32	34	hard_core_transcriptome	4765
32	34	hard_core_transcriptome	4804
32	38	hard_core_transcriptome	5155
32	38	hard_core_transcriptome	5466
32	42	hard_core_transcriptome	6005
32	47	hard_core_transcriptome	6732
32	46	hard_core_transcriptome	7249
32	38	hard_core_transcriptome	5429
32	50	hard_core_transcriptome	6768
32	43	hard_core_transcriptome	5496
32	47	hard_core_transcriptome	6882
32	31	hard_core_transcriptome	4070
32	32	hard_core_transcriptome	4497
32	28	hard_core_transcriptome	3863
32	31	hard_core_transcriptome	4286
32	38	hard_core_transcriptome	5111
33	36	hard_core_transcriptome	5092
33	29	hard_core_transcriptome	3913
33	31	hard_core_transcriptome	4717
33	38	hard_core_transcriptome	5962
33	42	hard_core_transcriptome	5921
33	30	hard_core_transcriptome	4141
33	38	hard_core_transcriptome	5209
33	36	hard_core_transcriptome	5497
33	39	hard_core_transcriptome	5726
33	29	hard_core_transcriptome	4138
33	34	hard_core_transcriptome	4902
33	27	hard_core_transcriptome	3901
33	31	hard_core_transcriptome	4097
33	36	hard_core_transcriptome	5267
33	28	hard_core_transcriptome	4093
33	24	hard_core_transcriptome	3654
33	35	hard_core_transcriptome	4858
33	36	hard_core_transcriptome	5242
33	32	hard_core_transcriptome	4764
33	24	hard_core_transcriptome	3713
34	31	hard_core_transcriptome	4412
34	28	hard_core_transcriptome	4299
34	43	hard_core_transcriptome	6487
34	41	hard_core_transcriptome	5911
34	34	hard_core_transcriptome	5036
34	31	hard_core_transcriptome	4419
34	28	hard_core_transcriptome	3922
34	25	hard_core_transcriptome	3563
34	31	hard_core_transcriptome	4276
34	28	hard_core_transcriptome	4183
34	34	hard_core_transcriptome	5114
34	42	hard_core_transcriptome	6349
34	27	hard_core_transcriptome	3966
34	31	hard_core_transcriptome	4510
34	36	hard_core_transcriptome	5286
34	36	hard_core_transcriptome	5418
34	29	hard_core_transcriptome	3962
34	30	hard_core_transcriptome	4658
34	29	hard_core_transcriptome	4720
34	35	hard_core_transcriptome	5307
35	30	hard_core_transcriptome	4811
35	30	hard_core_transcriptome	4287
35	34	hard_core_transcriptome	5056
35	28	hard_core_transcriptome	4279
35	41	hard_core_transcriptome	6372
35	30	hard_core_transcriptome	4143
35	38	hard_core_transcriptome	6139
35	29	hard_core_transcriptome	4595
35	29	hard_core_transcriptome	4415
35	25	hard_core_transcriptome	3713
35	42	hard_core_transcriptome	6935
35	31	hard_core_transcriptome	4894
35	35	hard_core_transcriptome	5365
35	45	hard_core_transcriptome	7264
35	26	hard_core_transcriptome	3749
35	24	hard_core_transcriptome	3679
35	35	hard_core_transcriptome	5216
35	31	hard_core_transcriptome	4746
35	34	hard_core_transcriptome	5369
35	33	hard_core_transcriptome	4893
36	29	hard_core_transcriptome	4512
36	25	hard_core_transcriptome	3828
36	22	hard_core_transcriptome	3422
36	31	hard_core_transcriptome	4435
36	30	hard_core_transcriptome	4903
36	34	hard_core_transcriptome	5250
36	29	hard_core_transcriptome	4384
36	49	hard_core_transcriptome	7819
36	25	hard_core_transcriptome	3925
36	30	hard_core_transcriptome	4908
36	30	hard_core_transcriptome	4435
36	31	hard_core_transcriptome	4675
36	36	hard_core_transcriptome	5676
36	36	hard_core_transcriptome	5611
36	25	hard_core_transcriptome	3629
36	25	hard_core_transcriptome	3993
36	25	hard_core_transcriptome	4048
36	35	hard_core_transcriptome	5488
36	44	hard_core_transcriptome	7024
36	25	hard_core_transcriptome	3961
37	26	hard_core_transcriptome	4282
37	41	hard_core_transcriptome	6863
37	24	hard_core_transcriptome	3673
37	31	hard_core_transcriptome	4985
37	32	hard_core_transcriptome	5447
37	27	hard_core_transcriptome	4368
37	29	hard_core_transcriptome	4828
37	28	hard_core_transcriptome	4344
37	23	hard_core_transcriptome	3604
37	35	hard_core_transcriptome	5838
37	25	hard_core_transcriptome	4166
37	28	hard_core_transcriptome	4532
37	40	hard_core_transcriptome	6313
37	29	hard_core_transcriptome	4785
37	40	hard_core_transcriptome	6399
37	27	hard_core_transcriptome	4496
37	30	hard_core_transcriptome	5378
37	28	hard_core_transcriptome	4553
37	29	hard_core_transcriptome	4470
37	30	hard_core_transcriptome	5080
38	33	hard_core_transcriptome	5834
38	25	hard_core_transcriptome	4103
38	23	hard_core_transcriptome	3871
38	33	hard_core_transcriptome	5441
38	31	hard_core_transcriptome	5177
38	26	hard_core_transcriptome	4472
38	31	hard_core_transcriptome	5659
38	29	hard_core_transcriptome	4979
38	26	hard_core_transcriptome	4285
38	29	hard_core_transcriptome	4935
38	32	hard_core_transcriptome	5450
38	25	hard_core_transcriptome	4027
38	33	hard_core_transcriptome	5447
38	31	hard_core_transcriptome	4888
38	27	hard_core_transcriptome	4626
38	25	hard_core_transcriptome	4313
38	26	hard_core_transcriptome	4502
38	24	hard_core_transcriptome	3818
38	27	hard_core_transcriptome	4389
38	28	hard_core_transcriptome	4968
39	32	hard_core_transcriptome	5169
39	36	hard_core_transcriptome	6124
39	25	hard_core_transcriptome	4306
39	26	hard_core_transcriptome	4341
39	27	hard_core_transcriptome	4826
39	31	hard_core_transcriptome	5188
39	24	hard_core_transcriptome	4048
39	27	hard_core_transcriptome	4546
39	28	hard_core_transcriptome	4833
39	36	hard_core_transcriptome	6480
39	22	hard_core_transcriptome	3711
39	25	hard_core_transcriptome	3977
39	24	hard_core_transcriptome	4112
39	30	hard_core_transcriptome	5390
39	24	hard_core_transcriptome	4429
39	23	hard_core_transcriptome	3925
39	22	hard_core_transcriptome	3856
39	27	hard_core_transcriptome	4854
39	24	hard_core_transcriptome	4226
39	35	hard_core_transcriptome	5979
40	23	hard_core_transcriptome	3777
40	30	hard_core_transcriptome	5403
40	29	hard_core_transcriptome	5173
40	24	hard_core_transcriptome	3871
40	23	hard_core_transcriptome	4310
40	23	hard_core_transcriptome	4270
40	27	hard_core_transcriptome	4658
40	24	hard_core_transcriptome	4324
40	25	hard_core_transcriptome	4533
40	25	hard_core_transcriptome	4331
40	26	hard_core_transcriptome	4580
40	27	hard_core_transcriptome	4767
40	22	hard_core_transcriptome	3886
40	30	hard_core_transcriptome	5292
40	28	hard_core_transcriptome	4751
40	29	hard_core_transcriptome	5346
40	21	hard_core_transcriptome	3655
40	25	hard_core_transcriptome	4234
40	24	hard_core_transcriptome	4122
40	22	hard_core_transcriptome	3777
41	32	hard_core_transcriptome	5920
41	21	hard_core_transcriptome	3847
41	23	hard_core_transcriptome	4163
41	23	hard_core_transcriptome	4184
41	25	hard_core_transcriptome	4252
41	24	hard_core_transcriptome	4279
41	36	hard_core_transcriptome	6892
41	30	hard_core_transcriptome	5696
41	23	hard_core_transcriptome	3991
41	28	hard_core_transcriptome	5457
41	26	hard_core_transcriptome	4840
41	26	hard_core_transcriptome	4581
41	27	hard_core_transcriptome	4935
41	27	hard_core_transcriptome	4995
41	24	hard_core_transcriptome	4275
41	30	hard_core_transcriptome	5521
41	23	hard_core_transcriptome	4230
41	23	hard_core_transcriptome	4090
41	23	hard_core_transcriptome	4105
41	21	hard_core_transcriptome	3779
42	31	hard_core_transcriptome	5981
42	24	hard_core_transcriptome	4372
42	26	hard_core_transcriptome	4998
42	29	hard_core_transcriptome	5431
42	20	hard_core_transcriptome	3684
42	32	hard_core_transcriptome	6346
42	21	hard_core_transcriptome	3832
42	27	hard_core_transcriptome	4873
42	27	hard_core_transcriptome	5342
42	21	hard_core_transcriptome	3856
42	25	hard_core_transcriptome	4597
42	23	hard_core_transcriptome	4295
42	21	hard_core_transcriptome	3978
42	20	hard_core_transcriptome	3740
42	21	hard_core_transcriptome	3778
42	21	hard_core_transcriptome	3844
42	26	hard_core_transcriptome	5036
42	23	hard_core_transcriptome	4413
42	28	hard_core_transcriptome	5192
42	25	hard_core_transcriptome	4525
43	23	hard_core_transcriptome	4221
43	22	hard_core_transcriptome	4149
43	24	hard_core_transcriptome	4411
43	21	hard_core_transcriptome	4061
43	21	hard_core_transcriptome	3978
43	23	hard_core_transcriptome	4303
43	23	hard_core_transcriptome	4207
43	23	hard_core_transcriptome	4159
43	26	hard_core_transcriptome	5138
43	22	hard_core_transcriptome	4077
43	24	hard_core_transcriptome	4403
43	22	hard_core_transcriptome	4107
43	26	hard_core_transcriptome	4709
43	22	hard_core_transcriptome	4127
43	24	hard_core_transcriptome	4304
43	25	hard_core_transcriptome	4614
43	20	hard_core_transcriptome	3744
43	25	hard_core_transcriptome	4446
43	23	hard_core_transcriptome	4332
43	25	hard_core_transcriptome	4565
44	22	hard_core_transcriptome	4245
44	20	hard_core_transcriptome	3905
44	23	hard_core_transcriptome	4399
44	22	hard_core_transcriptome	4139
44	21	hard_core_transcriptome	4025
44	20	hard_core_transcriptome	3861
44	25	hard_core_transcriptome	4961
44	21	hard_core_transcriptome	4002
44	26	hard_core_transcriptome	5127
44	22	hard_core_transcriptome	4117
44	22	hard_core_transcriptome	4182
44	20	hard_core_transcriptome	3837
44	25	hard_core_transcriptome	4990
44	23	hard_core_transcriptome	4259
44	33	hard_core_transcriptome	6412
44	23	hard_core_transcriptome	4419
44	27	hard_core_transcriptome	5376
44	20	hard_core_transcriptome	3909
44	25	hard_core_transcriptome	4641
44	21	hard_core_transcriptome	4075
45	23	hard_core_transcriptome	4764
45	21	hard_core_transcriptome	4061
45	23	hard_core_transcriptome	4521
45	20	hard_core_transcriptome	3969
45	21	hard_core_transcriptome	4230
45	21	hard_core_transcriptome	4128
45	26	hard_core_transcriptome	5311
45	25	hard_core_transcriptome	5079
45	23	hard_core_transcriptome	4353
45	22	hard_core_transcriptome	4600
45	20	hard_core_transcriptome	3966
45	29	hard_core_transcriptome	5813
45	22	hard_core_transcriptome	4261
45	21	hard_core_transcriptome	4109
45	24	hard_core_transcriptome	4610
45	22	hard_core_transcriptome	4470
45	21	hard_core_transcriptome	4100
45	26	hard_core_transcriptome	5245
45	20	hard_core_transcriptome	3992
45	24	hard_core_transcriptome	4617
46	21	hard_core_transcriptome	4332
46	24	hard_core_transcriptome	5109
46	21	hard_core_transcriptome	4188
46	21	hard_core_transcriptome	4168
46	20	hard_core_transcriptome	4049
46	22	hard_core_transcriptome	4378
46	21	hard_core_transcriptome	4195
46	20	hard_core_transcriptome	4008
46	21	hard_core_transcriptome	4273
46	21	hard_core_transcriptome	4186
46	21	hard_core_transcriptome	4226
46	23	hard_core_transcriptome	4566
46	21	hard_core_transcriptome	4289
46	20	hard_core_transcriptome	4032
46	20	hard_core_transcriptome	4060
46	21	hard_core_transcriptome	4167
46	21	hard_core_transcriptome	4176
46	20	hard_core_transcriptome	4020
46	22	hard_core_transcriptome	4436
46	22	hard_core_transcriptome	4412
47	20	hard_core_transcriptome	4104
47	20	hard_core_transcriptome	4162
47	20	hard_core_transcriptome	4130
47	20	hard_core_transcriptome	4167
47	20	hard_core_transcriptome	4157
47	22	hard_core_transcriptome	4540
47	20	hard_core_transcriptome	4135
47	20	hard_core_transcriptome	4137
47	21	hard_core_transcriptome	4301
47	20	hard_core_transcriptome	4175
47	22	hard_core_transcriptome	4537
47	20	hard_core_transcriptome	4167
47	20	hard_core_transcriptome	4127
47	20	hard_core_transcriptome	4144
47	20	hard_core_transcriptome	4144
47	20	hard_core_transcriptome	4120
47	22	hard_core_transcriptome	4528
47	22	hard_core_transcriptome	4803
47	20	hard_core_transcriptome	4158
47	21	hard_core_transcriptome	4361
1	0	soft_core_transcriptome	0
1	0	soft_core_transcriptome	0
1	0	soft_core_transcriptome	0
1	0	soft_core_transcriptome	0
1	0	soft_core_transcriptome	0
1	0	soft_core_transcriptome	0
1	0	soft_core_transcriptome	0
1	0	soft_core_transcriptome	0
1	0	soft_core_transcriptome	0
1	0	soft_core_transcriptome	0
1	0	soft_core_transcriptome	0
1	0	soft_core_transcriptome	0
1	0	soft_core_transcriptome	0
1	0	soft_core_transcriptome	0
1	0	soft_core_transcriptome	0
1	0	soft_core_transcriptome	0
1	0	soft_core_transcriptome	0
1	0	soft_core_transcriptome	0
1	0	soft_core_transcriptome	0
1	0	soft_core_transcriptome	0
2	0	soft_core_transcriptome	0
2	0	soft_core_transcriptome	0
2	0	soft_core_transcriptome	0
2	0	soft_core_transcriptome	0
2	0	soft_core_transcriptome	0
2	0	soft_core_transcriptome	0
2	0	soft_core_transcriptome	0
2	0	soft_core_transcriptome	0
2	0	soft_core_transcriptome	0
2	0	soft_core_transcriptome	0
2	0	soft_core_transcriptome	0
2	0	soft_core_transcriptome	0
2	0	soft_core_transcriptome	0
2	0	soft_core_transcriptome	0
2	0	soft_core_transcriptome	0
2	0	soft_core_transcriptome	0
2	0	soft_core_transcriptome	0
2	0	soft_core_transcriptome	0
2	0	soft_core_transcriptome	0
2	0	soft_core_transcriptome	0
3	0	soft_core_transcriptome	0
3	0	soft_core_transcriptome	0
3	0	soft_core_transcriptome	0
3	0	soft_core_transcriptome	0
3	0	soft_core_transcriptome	0
3	0	soft_core_transcriptome	0
3	0	soft_core_transcriptome	0
3	0	soft_core_transcriptome	0
3	0	soft_core_transcriptome	0
3	0	soft_core_transcriptome	0
3	0	soft_core_transcriptome	0
3	0	soft_core_transcriptome	0
3	0	soft_core_transcriptome	0
3	0	soft_core_transcriptome	0
3	0	soft_core_transcriptome	0
3	0	soft_core_transcriptome	0
3	0	soft_core_transcriptome	0
3	0	soft_core_transcriptome	0
3	0	soft_core_transcriptome	0
3	0	soft_core_transcriptome	0
4	0	soft_core_transcriptome	0
4	0	soft_core_transcriptome	0
4	0	soft_core_transcriptome	0
4	0	soft_core_transcriptome	0
4	0	soft_core_transcriptome	0
4	0	soft_core_transcriptome	0
4	0	soft_core_transcriptome	0
4	0	soft_core_transcriptome	0
4	0	soft_core_transcriptome	0
4	0	soft_core_transcriptome	0
4	0	soft_core_transcriptome	0
4	0	soft_core_transcriptome	0
4	0	soft_core_transcriptome	0
4	0	soft_core_transcriptome	0
4	0	soft_core_transcriptome	0
4	0	soft_core_transcriptome	0
4	0	soft_core_transcriptome	0
4	0	soft_core_transcriptome	0
4	0	soft_core_transcriptome	0
4	0	soft_core_transcriptome	0
5	0	soft_core_transcriptome	0
5	0	soft_core_transcriptome	0
5	0	soft_core_transcriptome	0
5	0	soft_core_transcriptome	0
5	0	soft_core_transcriptome	0
5	0	soft_core_transcriptome	0
5	0	soft_core_transcriptome	0
5	0	soft_core_transcriptome	0
5	0	soft_core_transcriptome	0
5	0	soft_core_transcriptome	0
5	0	soft_core_transcriptome	0
5	0	soft_core_transcriptome	0
5	0	soft_core_transcriptome	0
5	0	soft_core_transcriptome	0
5	0	soft_core_transcriptome	0
5	0	soft_core_transcriptome	0
5	0	soft_core_transcriptome	0
5	0	soft_core_transcriptome	0
5	0	soft_core_transcriptome	0
5	0	soft_core_transcriptome	0
6	0	soft_core_transcriptome	0
6	0	soft_core_transcriptome	0
6	0	soft_core_transcriptome	0
6	0	soft_core_transcriptome	0
6	0	soft_core_transcriptome	0
6	0	soft_core_transcriptome	0
6	0	soft_core_transcriptome	0
6	0	soft_core_transcriptome	0
6	0	soft_core_transcriptome	0
6	0	soft_core_transcriptome	0
6	0	soft_core_transcriptome	0
6	0	soft_core_transcriptome	0
6	0	soft_core_transcriptome	0
6	0	soft_core_transcriptome	0
6	0	soft_core_transcriptome	0
6	0	soft_core_transcriptome	0
6	0	soft_core_transcriptome	0
6	0	soft_core_transcriptome	0
6	0	soft_core_transcriptome	0
6	0	soft_core_transcriptome	0
7	0	soft_core_transcriptome	0
7	0	soft_core_transcriptome	0
7	0	soft_core_transcriptome	0
7	0	soft_core_transcriptome	0
7	0	soft_core_transcriptome	0
7	0	soft_core_transcriptome	0
7	0	soft_core_transcriptome	0
7	0	soft_core_transcriptome	0
7	0	soft_core_transcriptome	0
7	0	soft_core_transcriptome	0
7	0	soft_core_transcriptome	0
7	0	soft_core_transcriptome	0
7	0	soft_core_transcriptome	0
7	0	soft_core_transcriptome	0
7	0	soft_core_transcriptome	0
7	0	soft_core_transcriptome	0
7	0	soft_core_transcriptome	0
7	0	soft_core_transcriptome	0
7	0	soft_core_transcriptome	0
7	0	soft_core_transcriptome	0
8	0	soft_core_transcriptome	0
8	0	soft_core_transcriptome	0
8	0	soft_core_transcriptome	0
8	0	soft_core_transcriptome	0
8	0	soft_core_transcriptome	0
8	0	soft_core_transcriptome	0
8	0	soft_core_transcriptome	0
8	0	soft_core_transcriptome	0
8	0	soft_core_transcriptome	0
8	0	soft_core_transcriptome	0
8	0	soft_core_transcriptome	0
8	0	soft_core_transcriptome	0
8	0	soft_core_transcriptome	0
8	0	soft_core_transcriptome	0
8	0	soft_core_transcriptome	0
8	0	soft_core_transcriptome	0
8	0	soft_core_transcriptome	0
8	0	soft_core_transcriptome	0
8	0	soft_core_transcriptome	0
8	0	soft_core_transcriptome	0
9	0	soft_core_transcriptome	0
9	0	soft_core_transcriptome	0
9	0	soft_core_transcriptome	0
9	0	soft_core_transcriptome	0
9	0	soft_core_transcriptome	0
9	0	soft_core_transcriptome	0
9	0	soft_core_transcriptome	0
9	0	soft_core_transcriptome	0
9	0	soft_core_transcriptome	0
9	0	soft_core_transcriptome	0
9	0	soft_core_transcriptome	0
9	0	soft_core_transcriptome	0
9	0	soft_core_transcriptome	0
9	0	soft_core_transcriptome	0
9	0	soft_core_transcriptome	0
9	0	soft_core_transcriptome	0
9	0	soft_core_transcriptome	0
9	0	soft_core_transcriptome	0
9	0	soft_core_transcriptome	0
9	0	soft_core_transcriptome	0
10	0	soft_core_transcriptome	0
10	0	soft_core_transcriptome	0
10	0	soft_core_transcriptome	0
10	0	soft_core_transcriptome	0
10	0	soft_core_transcriptome	0
10	0	soft_core_transcriptome	0
10	0	soft_core_transcriptome	0
10	0	soft_core_transcriptome	0
10	0	soft_core_transcriptome	0
10	0	soft_core_transcriptome	0
10	0	soft_core_transcriptome	0
10	0	soft_core_transcriptome	0
10	0	soft_core_transcriptome	0
10	0	soft_core_transcriptome	0
10	0	soft_core_transcriptome	0
10	0	soft_core_transcriptome	0
10	0	soft_core_transcriptome	0
10	0	soft_core_transcriptome	0
10	0	soft_core_transcriptome	0
10	0	soft_core_transcriptome	0
11	314	soft_core_transcriptome	10288
11	336	soft_core_transcriptome	11339
11	363	soft_core_transcriptome	12688
11	448	soft_core_transcriptome	15358
11	259	soft_core_transcriptome	8434
11	351	soft_core_transcriptome	11521
11	542	soft_core_transcriptome	18310
11	571	soft_core_transcriptome	18696
11	1136	soft_core_transcriptome	36416
11	626	soft_core_transcriptome	20783
11	383	soft_core_transcriptome	12097
11	440	soft_core_transcriptome	15174
11	405	soft_core_transcriptome	13092
11	397	soft_core_transcriptome	13265
11	437	soft_core_transcriptome	14252
11	234	soft_core_transcriptome	7642
11	392	soft_core_transcriptome	13214
11	472	soft_core_transcriptome	15720
11	480	soft_core_transcriptome	16834
11	576	soft_core_transcriptome	21196
12	376	soft_core_transcriptome	14775
12	313	soft_core_transcriptome	11773
12	342	soft_core_transcriptome	13244
12	360	soft_core_transcriptome	13134
12	341	soft_core_transcriptome	13436
12	455	soft_core_transcriptome	17257
12	347	soft_core_transcriptome	13149
12	301	soft_core_transcriptome	12140
12	387	soft_core_transcriptome	13535
12	209	soft_core_transcriptome	7914
12	230	soft_core_transcriptome	8677
12	227	soft_core_transcriptome	8004
12	301	soft_core_transcriptome	11868
12	211	soft_core_transcriptome	7836
12	295	soft_core_transcriptome	11432
12	316	soft_core_transcriptome	11553
12	550	soft_core_transcriptome	20749
12	318	soft_core_transcriptome	11958
12	312	soft_core_transcriptome	11831
12	313	soft_core_transcriptome	11649
13	281	soft_core_transcriptome	12211
13	312	soft_core_transcriptome	12800
13	195	soft_core_transcriptome	8397
13	338	soft_core_transcriptome	13516
13	226	soft_core_transcriptome	10060
13	349	soft_core_transcriptome	16312
13	279	soft_core_transcriptome	11640
13	265	soft_core_transcriptome	11866
13	223	soft_core_transcriptome	8964
13	305	soft_core_transcriptome	12363
13	289	soft_core_transcriptome	11939
13	274	soft_core_transcriptome	11824
13	269	soft_core_transcriptome	11027
13	533	soft_core_transcriptome	22117
13	298	soft_core_transcriptome	12596
13	366	soft_core_transcriptome	16390
13	254	soft_core_transcriptome	10587
13	343	soft_core_transcriptome	15110
13	231	soft_core_transcriptome	9672
13	270	soft_core_transcriptome	11341
14	244	soft_core_transcriptome	12022
14	208	soft_core_transcriptome	9350
14	222	soft_core_transcriptome	10528
14	240	soft_core_transcriptome	12232
14	265	soft_core_transcriptome	12329
14	332	soft_core_transcriptome	15308
14	283	soft_core_transcriptome	13643
14	200	soft_core_transcriptome	8942
14	219	soft_core_transcriptome	10387
14	293	soft_core_transcriptome	13423
14	192	soft_core_transcriptome	8607
14	231	soft_core_transcriptome	11183
14	234	soft_core_transcriptome	10318
14	262	soft_core_transcriptome	13080
14	282	soft_core_transcriptome	13236
14	241	soft_core_transcriptome	11806
14	269	soft_core_transcriptome	12956
14	258	soft_core_transcriptome	11985
14	215	soft_core_transcriptome	10559
14	189	soft_core_transcriptome	9391
15	193	soft_core_transcriptome	10282
15	172	soft_core_transcriptome	9503
15	200	soft_core_transcriptome	10562
15	219	soft_core_transcriptome	11127
15	202	soft_core_transcriptome	10565
15	276	soft_core_transcriptome	13836
15	232	soft_core_transcriptome	12119
15	170	soft_core_transcriptome	8763
15	196	soft_core_transcriptome	9317
15	219	soft_core_transcriptome	11585
15	141	soft_core_transcriptome	7400
15	222	soft_core_transcriptome	11884
15	256	soft_core_transcriptome	13218
15	228	soft_core_transcriptome	12065
15	222	soft_core_transcriptome	11221
15	285	soft_core_transcriptome	14345
15	229	soft_core_transcriptome	11243
15	191	soft_core_transcriptome	9653
15	293	soft_core_transcriptome	14071
15	172	soft_core_transcriptome	9129
16	127	soft_core_transcriptome	6828
16	134	soft_core_transcriptome	6935
16	129	soft_core_transcriptome	6883
16	208	soft_core_transcriptome	11991
16	202	soft_core_transcriptome	10973
16	159	soft_core_transcriptome	8648
16	168	soft_core_transcriptome	9233
16	348	soft_core_transcriptome	19596
16	203	soft_core_transcriptome	11210
16	215	soft_core_transcriptome	12842
16	189	soft_core_transcriptome	11032
16	126	soft_core_transcriptome	6602
16	225	soft_core_transcriptome	12585
16	138	soft_core_transcriptome	7751
16	174	soft_core_transcriptome	9513
16	230	soft_core_transcriptome	12449
16	208	soft_core_transcriptome	10923
16	204	soft_core_transcriptome	11330
16	147	soft_core_transcriptome	8019
16	140	soft_core_transcriptome	8236
17	105	soft_core_transcriptome	6178
17	116	soft_core_transcriptome	6723
17	159	soft_core_transcriptome	10210
17	140	soft_core_transcriptome	8020
17	198	soft_core_transcriptome	12487
17	159	soft_core_transcriptome	9662
17	197	soft_core_transcriptome	11601
17	130	soft_core_transcriptome	7458
17	224	soft_core_transcriptome	13677
17	203	soft_core_transcriptome	11988
17	126	soft_core_transcriptome	7159
17	226	soft_core_transcriptome	12982
17	185	soft_core_transcriptome	11352
17	154	soft_core_transcriptome	9613
17	167	soft_core_transcriptome	10378
17	192	soft_core_transcriptome	12136
17	129	soft_core_transcriptome	8279
17	189	soft_core_transcriptome	11700
17	218	soft_core_transcriptome	13595
17	195	soft_core_transcriptome	10944
18	172	soft_core_transcriptome	11273
18	153	soft_core_transcriptome	9333
18	168	soft_core_transcriptome	10135
18	185	soft_core_transcriptome	11452
18	163	soft_core_transcriptome	10593
18	120	soft_core_transcriptome	7242
18	175	soft_core_transcriptome	11516
18	191	soft_core_transcriptome	12978
18	188	soft_core_transcriptome	11776
18	160	soft_core_transcriptome	10316
18	135	soft_core_transcriptome	8625
18	101	soft_core_transcriptome	6360
18	206	soft_core_transcriptome	12361
18	181	soft_core_transcriptome	11349
18	149	soft_core_transcriptome	9112
18	136	soft_core_transcriptome	8439
18	165	soft_core_transcriptome	10909
18	156	soft_core_transcriptome	9745
18	132	soft_core_transcriptome	7592
18	169	soft_core_transcriptome	11210
19	107	soft_core_transcriptome	7501
19	100	soft_core_transcriptome	6714
19	123	soft_core_transcriptome	8751
19	166	soft_core_transcriptome	11474
19	132	soft_core_transcriptome	9545
19	162	soft_core_transcriptome	11140
19	150	soft_core_transcriptome	10525
19	103	soft_core_transcriptome	6902
19	153	soft_core_transcriptome	10531
19	106	soft_core_transcriptome	7194
19	219	soft_core_transcriptome	15723
19	156	soft_core_transcriptome	10558
19	179	soft_core_transcriptome	13087
19	102	soft_core_transcriptome	6891
19	111	soft_core_transcriptome	7702
19	184	soft_core_transcriptome	13136
19	121	soft_core_transcriptome	8876
19	183	soft_core_transcriptome	13141
19	144	soft_core_transcriptome	10210
19	150	soft_core_transcriptome	10919
20	228	soft_core_transcriptome	16772
20	123	soft_core_transcriptome	9053
20	156	soft_core_transcriptome	11703
20	134	soft_core_transcriptome	9134
20	188	soft_core_transcriptome	14374
20	133	soft_core_transcriptome	10331
20	128	soft_core_transcriptome	9320
20	116	soft_core_transcriptome	8796
20	185	soft_core_transcriptome	13707
20	113	soft_core_transcriptome	8246
20	159	soft_core_transcriptome	11990
20	87	soft_core_transcriptome	6277
20	88	soft_core_transcriptome	5920
20	122	soft_core_transcriptome	9239
20	154	soft_core_transcriptome	10911
20	161	soft_core_transcriptome	12328
20	123	soft_core_transcriptome	8931
20	142	soft_core_transcriptome	10869
20	137	soft_core_transcriptome	10367
20	135	soft_core_transcriptome	10028
21	312	soft_core_transcriptome	22132
21	306	soft_core_transcriptome	22749
21	250	soft_core_transcriptome	17602
21	240	soft_core_transcriptome	17547
21	359	soft_core_transcriptome	27424
21	327	soft_core_transcriptome	24572
21	287	soft_core_transcriptome	20981
21	307	soft_core_transcriptome	23343
21	321	soft_core_transcriptome	22555
21	213	soft_core_transcriptome	15894
21	317	soft_core_transcriptome	23632
21	243	soft_core_transcriptome	17398
21	351	soft_core_transcriptome	26246
21	204	soft_core_transcriptome	14567
21	223	soft_core_transcriptome	16238
21	273	soft_core_transcriptome	20790
21	391	soft_core_transcriptome	28046
21	279	soft_core_transcriptome	20780
21	377	soft_core_transcriptome	25927
21	377	soft_core_transcriptome	26817
22	243	soft_core_transcriptome	19571
22	278	soft_core_transcriptome	21441
22	242	soft_core_transcriptome	18738
22	298	soft_core_transcriptome	23057
22	260	soft_core_transcriptome	19930
22	292	soft_core_transcriptome	22256
22	286	soft_core_transcriptome	20913
22	304	soft_core_transcriptome	23599
22	271	soft_core_transcriptome	20523
22	235	soft_core_transcriptome	18223
22	316	soft_core_transcriptome	23622
22	211	soft_core_transcriptome	16026
22	227	soft_core_transcriptome	16704
22	184	soft_core_transcriptome	14846
22	252	soft_core_transcriptome	19109
22	237	soft_core_transcriptome	18964
22	273	soft_core_transcriptome	21576
22	246	soft_core_transcriptome	19278
22	258	soft_core_transcriptome	19702
22	251	soft_core_transcriptome	19589
23	274	soft_core_transcriptome	21789
23	210	soft_core_transcriptome	17346
23	302	soft_core_transcriptome	24615
23	160	soft_core_transcriptome	12120
23	245	soft_core_transcriptome	20930
23	236	soft_core_transcriptome	19298
23	302	soft_core_transcriptome	24072
23	213	soft_core_transcriptome	18037
23	300	soft_core_transcriptome	25329
23	232	soft_core_transcriptome	18552
23	220	soft_core_transcriptome	17961
23	204	soft_core_transcriptome	17066
23	335	soft_core_transcriptome	27176
23	261	soft_core_transcriptome	21700
23	191	soft_core_transcriptome	15846
23	230	soft_core_transcriptome	18884
23	250	soft_core_transcriptome	20255
23	182	soft_core_transcriptome	15389
23	221	soft_core_transcriptome	18649
23	224	soft_core_transcriptome	19055
24	228	soft_core_transcriptome	20065
24	215	soft_core_transcriptome	18679
24	217	soft_core_transcriptome	19036
24	267	soft_core_transcriptome	23525
24	241	soft_core_transcriptome	21288
24	218	soft_core_transcriptome	19307
24	190	soft_core_transcriptome	16216
24	188	soft_core_transcriptome	16733
24	177	soft_core_transcriptome	15084
24	248	soft_core_transcriptome	21344
24	213	soft_core_transcriptome	17968
24	251	soft_core_transcriptome	21823
24	212	soft_core_transcriptome	18603
24	280	soft_core_transcriptome	24581
24	249	soft_core_transcriptome	22300
24	232	soft_core_transcriptome	20351
24	227	soft_core_transcriptome	19973
24	236	soft_core_transcriptome	20486
24	211	soft_core_transcriptome	19446
24	252	soft_core_transcriptome	21381
25	210	soft_core_transcriptome	19039
25	147	soft_core_transcriptome	12888
25	174	soft_core_transcriptome	15290
25	196	soft_core_transcriptome	18952
25	212	soft_core_transcriptome	19147
25	191	soft_core_transcriptome	17659
25	252	soft_core_transcriptome	24264
25	257	soft_core_transcriptome	23775
25	203	soft_core_transcriptome	19451
25	161	soft_core_transcriptome	14540
25	217	soft_core_transcriptome	20588
25	247	soft_core_transcriptome	22749
25	249	soft_core_transcriptome	23165
25	207	soft_core_transcriptome	18893
25	211	soft_core_transcriptome	19477
25	184	soft_core_transcriptome	16872
25	224	soft_core_transcriptome	20325
25	255	soft_core_transcriptome	23785
25	276	soft_core_transcriptome	25474
25	206	soft_core_transcriptome	18524
26	171	soft_core_transcriptome	16729
26	246	soft_core_transcriptome	23691
26	192	soft_core_transcriptome	18190
26	199	soft_core_transcriptome	18722
26	196	soft_core_transcriptome	18680
26	200	soft_core_transcriptome	19384
26	207	soft_core_transcriptome	19395
26	166	soft_core_transcriptome	15985
26	164	soft_core_transcriptome	15895
26	202	soft_core_transcriptome	19692
26	188	soft_core_transcriptome	18085
26	158	soft_core_transcriptome	15878
26	216	soft_core_transcriptome	20757
26	191	soft_core_transcriptome	18233
26	251	soft_core_transcriptome	23539
26	240	soft_core_transcriptome	22806
26	160	soft_core_transcriptome	16278
26	238	soft_core_transcriptome	22389
26	219	soft_core_transcriptome	21318
26	141	soft_core_transcriptome	14040
27	171	soft_core_transcriptome	17099
27	227	soft_core_transcriptome	22656
27	207	soft_core_transcriptome	20925
27	158	soft_core_transcriptome	15646
27	200	soft_core_transcriptome	20664
27	227	soft_core_transcriptome	22369
27	163	soft_core_transcriptome	16058
27	194	soft_core_transcriptome	19663
27	168	soft_core_transcriptome	17372
27	170	soft_core_transcriptome	17466
27	228	soft_core_transcriptome	22916
27	186	soft_core_transcriptome	18369
27	252	soft_core_transcriptome	25453
27	228	soft_core_transcriptome	23551
27	157	soft_core_transcriptome	16293
27	177	soft_core_transcriptome	17784
27	150	soft_core_transcriptome	15236
27	202	soft_core_transcriptome	21163
27	198	soft_core_transcriptome	20233
27	160	soft_core_transcriptome	16702
28	170	soft_core_transcriptome	18320
28	200	soft_core_transcriptome	21367
28	174	soft_core_transcriptome	17910
28	197	soft_core_transcriptome	20484
28	142	soft_core_transcriptome	14404
28	171	soft_core_transcriptome	18039
28	164	soft_core_transcriptome	17616
28	163	soft_core_transcriptome	17444
28	190	soft_core_transcriptome	20224
28	209	soft_core_transcriptome	21387
28	165	soft_core_transcriptome	16958
28	160	soft_core_transcriptome	17744
28	208	soft_core_transcriptome	22460
28	162	soft_core_transcriptome	16516
28	139	soft_core_transcriptome	14575
28	195	soft_core_transcriptome	19527
28	157	soft_core_transcriptome	16873
28	228	soft_core_transcriptome	24290
28	219	soft_core_transcriptome	22607
28	193	soft_core_transcriptome	20098
29	120	soft_core_transcriptome	13247
29	130	soft_core_transcriptome	13862
29	147	soft_core_transcriptome	16620
29	176	soft_core_transcriptome	19417
29	194	soft_core_transcriptome	20784
29	147	soft_core_transcriptome	16326
29	189	soft_core_transcriptome	20544
29	166	soft_core_transcriptome	17653
29	208	soft_core_transcriptome	22556
29	141	soft_core_transcriptome	15321
29	199	soft_core_transcriptome	22415
29	177	soft_core_transcriptome	19300
29	169	soft_core_transcriptome	18119
29	154	soft_core_transcriptome	16927
29	173	soft_core_transcriptome	18866
29	148	soft_core_transcriptome	16627
29	179	soft_core_transcriptome	19550
29	171	soft_core_transcriptome	18846
29	203	soft_core_transcriptome	22201
29	156	soft_core_transcriptome	17218
30	152	soft_core_transcriptome	17569
30	123	soft_core_transcriptome	13894
30	174	soft_core_transcriptome	19720
30	176	soft_core_transcriptome	20776
30	170	soft_core_transcriptome	19094
30	159	soft_core_transcriptome	18110
30	131	soft_core_transcriptome	15457
30	134	soft_core_transcriptome	14843
30	161	soft_core_transcriptome	18693
30	155	soft_core_transcriptome	18393
30	130	soft_core_transcriptome	15065
30	137	soft_core_transcriptome	16499
30	199	soft_core_transcriptome	23292
30	160	soft_core_transcriptome	18655
30	137	soft_core_transcriptome	15918
30	117	soft_core_transcriptome	13688
30	144	soft_core_transcriptome	16693
30	175	soft_core_transcriptome	20174
30	149	soft_core_transcriptome	16869
30	144	soft_core_transcriptome	17023
31	241	soft_core_transcriptome	28032
31	207	soft_core_transcriptome	23691
31	292	soft_core_transcriptome	32653
31	285	soft_core_transcriptome	31360
31	272	soft_core_transcriptome	30577
31	229	soft_core_transcriptome	25778
31	259	soft_core_transcriptome	28810
31	299	soft_core_transcriptome	33669
31	304	soft_core_transcriptome	33923
31	223	soft_core_transcriptome	24961
31	206	soft_core_transcriptome	23857
31	259	soft_core_transcriptome	30023
31	290	soft_core_transcriptome	33764
31	262	soft_core_transcriptome	29174
31	270	soft_core_transcriptome	30097
31	266	soft_core_transcriptome	30199
31	253	soft_core_transcriptome	30240
31	268	soft_core_transcriptome	30130
31	250	soft_core_transcriptome	28157
31	241	soft_core_transcriptome	28088
32	196	soft_core_transcriptome	22601
32	222	soft_core_transcriptome	25351
32	227	soft_core_transcriptome	27407
32	228	soft_core_transcriptome	27334
32	239	soft_core_transcriptome	27267
32	241	soft_core_transcriptome	28631
32	219	soft_core_transcriptome	25553
32	281	soft_core_transcriptome	33527
32	275	soft_core_transcriptome	32577
32	260	soft_core_transcriptome	30284
32	287	soft_core_transcriptome	33781
32	285	soft_core_transcriptome	33044
32	288	soft_core_transcriptome	33303
32	246	soft_core_transcriptome	29002
32	284	soft_core_transcriptome	32730
32	234	soft_core_transcriptome	28683
32	209	soft_core_transcriptome	25078
32	208	soft_core_transcriptome	24278
32	212	soft_core_transcriptome	25386
32	233	soft_core_transcriptome	26117
33	259	soft_core_transcriptome	32996
33	208	soft_core_transcriptome	25023
33	219	soft_core_transcriptome	27236
33	258	soft_core_transcriptome	32047
33	249	soft_core_transcriptome	30437
33	212	soft_core_transcriptome	26048
33	239	soft_core_transcriptome	28591
33	217	soft_core_transcriptome	26555
33	211	soft_core_transcriptome	25979
33	241	soft_core_transcriptome	30038
33	258	soft_core_transcriptome	32086
33	215	soft_core_transcriptome	25761
33	229	soft_core_transcriptome	28631
33	228	soft_core_transcriptome	28388
33	204	soft_core_transcriptome	24909
33	223	soft_core_transcriptome	27253
33	225	soft_core_transcriptome	26842
33	239	soft_core_transcriptome	29720
33	234	soft_core_transcriptome	28235
33	201	soft_core_transcriptome	25462
34	224	soft_core_transcriptome	29105
34	191	soft_core_transcriptome	24218
34	252	soft_core_transcriptome	31804
34	270	soft_core_transcriptome	34249
34	222	soft_core_transcriptome	26758
34	193	soft_core_transcriptome	25362
34	184	soft_core_transcriptome	23325
34	197	soft_core_transcriptome	24771
34	235	soft_core_transcriptome	30039
34	184	soft_core_transcriptome	23877
34	224	soft_core_transcriptome	27866
34	235	soft_core_transcriptome	29916
34	196	soft_core_transcriptome	25345
34	221	soft_core_transcriptome	28032
34	227	soft_core_transcriptome	28613
34	232	soft_core_transcriptome	28990
34	212	soft_core_transcriptome	25835
34	217	soft_core_transcriptome	26727
34	213	soft_core_transcriptome	27056
34	210	soft_core_transcriptome	26813
35	235	soft_core_transcriptome	31662
35	218	soft_core_transcriptome	29338
35	209	soft_core_transcriptome	27154
35	187	soft_core_transcriptome	25124
35	222	soft_core_transcriptome	29166
35	216	soft_core_transcriptome	28869
35	214	soft_core_transcriptome	28361
35	217	soft_core_transcriptome	28978
35	208	soft_core_transcriptome	26789
35	188	soft_core_transcriptome	24244
35	241	soft_core_transcriptome	32440
35	206	soft_core_transcriptome	27909
35	199	soft_core_transcriptome	26239
35	276	soft_core_transcriptome	36621
35	182	soft_core_transcriptome	23213
35	174	soft_core_transcriptome	22990
35	221	soft_core_transcriptome	29662
35	220	soft_core_transcriptome	29249
35	208	soft_core_transcriptome	26743
35	203	soft_core_transcriptome	27144
36	219	soft_core_transcriptome	29755
36	182	soft_core_transcriptome	25105
36	182	soft_core_transcriptome	25630
36	206	soft_core_transcriptome	28658
36	194	soft_core_transcriptome	26907
36	246	soft_core_transcriptome	33164
36	179	soft_core_transcriptome	24731
36	281	soft_core_transcriptome	37693
36	182	soft_core_transcriptome	25153
36	185	soft_core_transcriptome	24825
36	196	soft_core_transcriptome	27491
36	197	soft_core_transcriptome	27458
36	204	soft_core_transcriptome	28129
36	267	soft_core_transcriptome	36354
36	179	soft_core_transcriptome	24332
36	168	soft_core_transcriptome	23000
36	182	soft_core_transcriptome	24782
36	203	soft_core_transcriptome	28028
36	241	soft_core_transcriptome	33028
36	175	soft_core_transcriptome	24309
37	194	soft_core_transcriptome	27288
37	211	soft_core_transcriptome	29871
37	171	soft_core_transcriptome	24093
37	214	soft_core_transcriptome	30238
37	213	soft_core_transcriptome	29857
37	178	soft_core_transcriptome	25156
37	200	soft_core_transcriptome	28337
37	213	soft_core_transcriptome	30679
37	174	soft_core_transcriptome	24562
37	259	soft_core_transcriptome	35911
37	165	soft_core_transcriptome	23221
37	189	soft_core_transcriptome	26524
37	236	soft_core_transcriptome	33439
37	209	soft_core_transcriptome	29503
37	212	soft_core_transcriptome	29937
37	178	soft_core_transcriptome	25003
37	190	soft_core_transcriptome	27377
37	164	soft_core_transcriptome	23054
37	202	soft_core_transcriptome	28867
37	198	soft_core_transcriptome	27954
38	201	soft_core_transcriptome	29914
38	171	soft_core_transcriptome	25597
38	169	soft_core_transcriptome	24877
38	227	soft_core_transcriptome	33389
38	186	soft_core_transcriptome	27447
38	158	soft_core_transcriptome	23215
38	174	soft_core_transcriptome	26043
38	163	soft_core_transcriptome	24660
38	193	soft_core_transcriptome	28011
38	185	soft_core_transcriptome	26441
38	213	soft_core_transcriptome	31526
38	168	soft_core_transcriptome	25280
38	185	soft_core_transcriptome	27097
38	204	soft_core_transcriptome	30953
38	185	soft_core_transcriptome	27034
38	174	soft_core_transcriptome	24759
38	162	soft_core_transcriptome	23927
38	157	soft_core_transcriptome	22902
38	184	soft_core_transcriptome	26940
38	185	soft_core_transcriptome	26977
39	192	soft_core_transcriptome	29971
39	212	soft_core_transcriptome	31590
39	159	soft_core_transcriptome	24122
39	168	soft_core_transcriptome	25085
39	169	soft_core_transcriptome	25469
39	195	soft_core_transcriptome	28981
39	163	soft_core_transcriptome	25251
39	192	soft_core_transcriptome	29594
39	167	soft_core_transcriptome	24538
39	216	soft_core_transcriptome	32216
39	155	soft_core_transcriptome	23215
39	180	soft_core_transcriptome	27223
39	155	soft_core_transcriptome	23756
39	198	soft_core_transcriptome	30160
39	157	soft_core_transcriptome	24539
39	164	soft_core_transcriptome	24693
39	162	soft_core_transcriptome	25410
39	188	soft_core_transcriptome	28685
39	153	soft_core_transcriptome	23561
39	232	soft_core_transcriptome	34748
40	157	soft_core_transcriptome	24921
40	175	soft_core_transcriptome	27522
40	174	soft_core_transcriptome	26771
40	179	soft_core_transcriptome	28148
40	178	soft_core_transcriptome	27690
40	161	soft_core_transcriptome	24841
40	159	soft_core_transcriptome	23790
40	165	soft_core_transcriptome	25518
40	164	soft_core_transcriptome	25306
40	155	soft_core_transcriptome	24856
40	155	soft_core_transcriptome	24881
40	176	soft_core_transcriptome	27732
40	172	soft_core_transcriptome	27154
40	173	soft_core_transcriptome	27061
40	184	soft_core_transcriptome	29315
40	179	soft_core_transcriptome	28221
40	164	soft_core_transcriptome	25179
40	186	soft_core_transcriptome	29438
40	159	soft_core_transcriptome	25326
40	151	soft_core_transcriptome	23779
41	291	soft_core_transcriptome	44423
41	226	soft_core_transcriptome	35151
41	218	soft_core_transcriptome	33931
41	249	soft_core_transcriptome	39218
41	258	soft_core_transcriptome	39111
41	223	soft_core_transcriptome	34082
41	290	soft_core_transcriptome	44052
41	245	soft_core_transcriptome	36869
41	218	soft_core_transcriptome	33569
41	257	soft_core_transcriptome	39856
41	229	soft_core_transcriptome	35187
41	229	soft_core_transcriptome	35590
41	249	soft_core_transcriptome	38261
41	270	soft_core_transcriptome	40983
41	225	soft_core_transcriptome	34551
41	253	soft_core_transcriptome	38987
41	225	soft_core_transcriptome	35005
41	219	soft_core_transcriptome	33686
41	221	soft_core_transcriptome	33958
41	223	soft_core_transcriptome	34728
42	256	soft_core_transcriptome	40293
42	216	soft_core_transcriptome	34161
42	253	soft_core_transcriptome	40749
42	247	soft_core_transcriptome	39413
42	227	soft_core_transcriptome	35871
42	269	soft_core_transcriptome	42477
42	222	soft_core_transcriptome	35644
42	213	soft_core_transcriptome	34324
42	242	soft_core_transcriptome	37630
42	225	soft_core_transcriptome	35447
42	216	soft_core_transcriptome	34122
42	224	soft_core_transcriptome	35435
42	219	soft_core_transcriptome	34869
42	221	soft_core_transcriptome	35241
42	220	soft_core_transcriptome	34399
42	222	soft_core_transcriptome	35760
42	251	soft_core_transcriptome	39606
42	221	soft_core_transcriptome	34801
42	249	soft_core_transcriptome	39141
42	242	soft_core_transcriptome	37933
43	223	soft_core_transcriptome	37236
43	212	soft_core_transcriptome	34675
43	221	soft_core_transcriptome	36279
43	223	soft_core_transcriptome	36271
43	222	soft_core_transcriptome	36345
43	213	soft_core_transcriptome	35167
43	221	soft_core_transcriptome	36489
43	218	soft_core_transcriptome	35412
43	241	soft_core_transcriptome	39650
43	229	soft_core_transcriptome	37010
43	211	soft_core_transcriptome	34819
43	227	soft_core_transcriptome	37360
43	240	soft_core_transcriptome	38936
43	209	soft_core_transcriptome	33701
43	254	soft_core_transcriptome	41108
43	242	soft_core_transcriptome	40064
43	225	soft_core_transcriptome	36693
43	246	soft_core_transcriptome	40499
43	213	soft_core_transcriptome	34646
43	215	soft_core_transcriptome	35143
44	208	soft_core_transcriptome	35520
44	217	soft_core_transcriptome	36635
44	200	soft_core_transcriptome	34121
44	212	soft_core_transcriptome	36317
44	211	soft_core_transcriptome	35741
44	207	soft_core_transcriptome	35235
44	224	soft_core_transcriptome	37443
44	219	soft_core_transcriptome	36717
44	232	soft_core_transcriptome	39057
44	207	soft_core_transcriptome	34822
44	207	soft_core_transcriptome	34616
44	206	soft_core_transcriptome	35104
44	225	soft_core_transcriptome	38365
44	241	soft_core_transcriptome	40490
44	252	soft_core_transcriptome	42020
44	204	soft_core_transcriptome	34191
44	232	soft_core_transcriptome	38495
44	207	soft_core_transcriptome	34771
44	249	soft_core_transcriptome	41732
44	208	soft_core_transcriptome	35456
45	218	soft_core_transcriptome	37790
45	198	soft_core_transcriptome	34119
45	204	soft_core_transcriptome	35465
45	204	soft_core_transcriptome	35864
45	203	soft_core_transcriptome	35251
45	202	soft_core_transcriptome	34794
45	226	soft_core_transcriptome	39278
45	225	soft_core_transcriptome	39076
45	231	soft_core_transcriptome	40214
45	199	soft_core_transcriptome	34056
45	207	soft_core_transcriptome	35964
45	225	soft_core_transcriptome	39008
45	208	soft_core_transcriptome	36486
45	208	soft_core_transcriptome	35947
45	230	soft_core_transcriptome	39891
45	211	soft_core_transcriptome	36514
45	208	soft_core_transcriptome	36072
45	225	soft_core_transcriptome	38465
45	204	soft_core_transcriptome	35698
45	204	soft_core_transcriptome	35250
46	200	soft_core_transcriptome	35850
46	216	soft_core_transcriptome	38334
46	197	soft_core_transcriptome	35467
46	210	soft_core_transcriptome	37186
46	198	soft_core_transcriptome	35613
46	203	soft_core_transcriptome	36134
46	199	soft_core_transcriptome	35877
46	199	soft_core_transcriptome	35017
46	200	soft_core_transcriptome	35514
46	204	soft_core_transcriptome	36279
46	201	soft_core_transcriptome	36277
46	198	soft_core_transcriptome	35237
46	196	soft_core_transcriptome	35619
46	202	soft_core_transcriptome	35661
46	197	soft_core_transcriptome	35572
46	196	soft_core_transcriptome	34740
46	198	soft_core_transcriptome	35076
46	196	soft_core_transcriptome	34648
46	199	soft_core_transcriptome	35587
46	194	soft_core_transcriptome	34620
47	194	soft_core_transcriptome	35181
47	193	soft_core_transcriptome	35600
47	192	soft_core_transcriptome	35034
47	193	soft_core_transcriptome	35454
47	195	soft_core_transcriptome	35720
47	190	soft_core_transcriptome	35016
47	195	soft_core_transcriptome	35707
47	196	soft_core_transcriptome	35772
47	196	soft_core_transcriptome	36220
47	192	soft_core_transcriptome	35355
47	192	soft_core_transcriptome	35099
47	193	soft_core_transcriptome	35454
47	192	soft_core_transcriptome	35214
47	193	soft_core_transcriptome	35350
47	196	soft_core_transcriptome	36113
47	193	soft_core_transcriptome	35686
47	191	soft_core_transcriptome	35038
47	195	soft_core_transcriptome	35262
47	193	soft_core_transcriptome	35450
47	191	soft_core_transcriptome	35073